Date,Currency_Name,ARIMA_Prediction
2021-08-25,Aave,400.34564237070674
2021-08-26,Aave,401.06143187755714
2021-08-27,Aave,402.019112836689
2021-08-28,Aave,400.1760327573698
2021-08-29,Aave,401.54564554779523
2021-08-30,Aave,401.4428585229779
2021-08-31,Aave,401.64346315025307
2021-09-01,Aave,401.1829377825565
2021-09-02,Aave,401.67081029064616
2021-09-03,Aave,401.3398291224669
2021-09-04,Aave,401.4651713073689
2021-09-05,Aave,401.321378451745
2021-09-06,Aave,401.48902146342635
2021-09-07,Aave,401.3451097106888
2021-09-08,Aave,401.44651865604084
2021-09-09,Aave,401.3826718499709
2021-09-10,Aave,401.44471146208593
2021-09-11,Aave,401.38640210717153
2021-09-12,Aave,401.4333226302163
2021-09-13,Aave,401.3980537397685
2021-09-14,Aave,401.4246660856104
2021-09-15,Aave,401.40093182627095
2021-09-16,Aave,401.42135816396285
2021-09-17,Aave,401.40506203474575
2021-09-18,Aave,401.41787385675553
2021-09-19,Aave,401.4076095547865
2021-09-20,Aave,401.41635728614193
2021-09-21,Aave,401.40908914851116
2021-09-22,Aave,401.4149270683765
2021-09-23,Aave,401.4102293417498
2021-08-25,Algorand,1.1206110752948792
2021-08-26,Algorand,1.120252868341225
2021-08-27,Algorand,1.1182042487285848
2021-08-28,Algorand,1.1180495899602
2021-08-29,Algorand,1.1211845582806996
2021-08-30,Algorand,1.1232685289998634
2021-08-31,Algorand,1.1232065771948976
2021-09-01,Algorand,1.1236244090077216
2021-09-02,Algorand,1.1236884731661996
2021-09-03,Algorand,1.1232344920764197
2021-09-04,Algorand,1.1229227057077296
2021-09-05,Algorand,1.1229553697670123
2021-09-06,Algorand,1.1228728734603866
2021-09-07,Algorand,1.1228597939563008
2021-09-08,Algorand,1.1229244237751026
2021-09-09,Algorand,1.122972109867269
2021-09-10,Algorand,1.122962416809726
2021-09-11,Algorand,1.12297857512315
2021-09-12,Algorand,1.1229804307019604
2021-09-13,Algorand,1.1229715695596665
2021-09-14,Algorand,1.1229639982076776
2021-09-15,Algorand,1.122966460594133
2021-09-16,Algorand,1.1229632694802347
2021-09-17,Algorand,1.1229631575008923
2021-09-18,Algorand,1.1229642741633785
2021-09-19,Algorand,1.1229655459205359
2021-09-20,Algorand,1.1229649578854708
2021-09-21,Algorand,1.1229656006559958
2021-09-22,Algorand,1.1229655559706824
2021-09-23,Algorand,1.122965443697172
2021-08-25,Avalanche,47.98785439335572
2021-08-26,Avalanche,48.980507634693936
2021-08-27,Avalanche,48.73325575544476
2021-08-28,Avalanche,48.10680911543534
2021-08-29,Avalanche,48.08065097686701
2021-08-30,Avalanche,47.88837306702125
2021-08-31,Avalanche,47.66799366766657
2021-09-01,Avalanche,47.73821714465926
2021-09-02,Avalanche,47.70951991581244
2021-09-03,Avalanche,47.715657741751386
2021-09-04,Avalanche,47.77247249442396
2021-09-05,Avalanche,47.78317055949717
2021-09-06,Avalanche,47.794486489556704
2021-09-07,Avalanche,47.81133361092221
2021-09-08,Avalanche,47.807424939473236
2021-09-09,Avalanche,47.80648741577125
2021-09-10,Avalanche,47.80608250802531
2021-09-11,Avalanche,47.80151804227318
2021-09-12,Avalanche,47.7999323267439
2021-09-13,Avalanche,47.799275235599204
2021-09-14,Avalanche,47.79809750817526
2021-09-15,Avalanche,47.798305001922074
2021-09-16,Avalanche,47.79858587374802
2021-09-17,Avalanche,47.798665066893456
2021-09-18,Avalanche,47.79901283665368
2021-09-19,Avalanche,47.79918801547042
2021-09-20,Avalanche,47.79922902065145
2021-09-21,Avalanche,47.79930250788922
2021-09-22,Avalanche,47.79929058369586
2021-09-23,Avalanche,47.79925539609834
2021-08-25,Axie_Infinity,75.09009434434348
2021-08-26,Axie_Infinity,74.49037182994543
2021-08-27,Axie_Infinity,74.5500746580057
2021-08-28,Axie_Infinity,74.14144071601609
2021-08-29,Axie_Infinity,74.52558034438545
2021-08-30,Axie_Infinity,74.41970958272192
2021-08-31,Axie_Infinity,74.55618559925726
2021-09-01,Axie_Infinity,74.47313733377457
2021-09-02,Axie_Infinity,74.59983071248797
2021-09-03,Axie_Infinity,74.52070871463225
2021-09-04,Axie_Infinity,74.56379219939434
2021-09-05,Axie_Infinity,74.52288139822925
2021-09-06,Axie_Infinity,74.55768375911693
2021-09-07,Axie_Infinity,74.52420697708716
2021-09-08,Axie_Infinity,74.54477276689575
2021-09-09,Axie_Infinity,74.52980599876352
2021-09-10,Axie_Infinity,74.54300400522078
2021-09-11,Axie_Infinity,74.53172750460905
2021-09-12,Axie_Infinity,74.54071479608886
2021-09-13,Axie_Infinity,74.53460543244198
2021-09-14,Axie_Infinity,74.53951757227811
2021-09-15,Axie_Infinity,74.53536355152673
2021-09-16,Axie_Infinity,74.53873923541082
2021-09-17,Axie_Infinity,74.53618589980357
2021-09-18,Axie_Infinity,74.53808410544306
2021-09-19,Axie_Infinity,74.53652939912345
2021-09-20,Axie_Infinity,74.53779884668805
2021-09-21,Axie_Infinity,74.53680116136533
2021-09-22,Axie_Infinity,74.53755980708881
2021-09-23,Axie_Infinity,74.536968235524
2021-08-25,Binance_Coin,499.17948935028613
2021-08-26,Binance_Coin,505.57639635150724
2021-08-27,Binance_Coin,505.1265079105865
2021-08-28,Binance_Coin,498.4741706291182
2021-08-29,Binance_Coin,501.2861627095044
2021-08-30,Binance_Coin,499.20568634129233
2021-08-31,Binance_Coin,498.05658456710574
2021-09-01,Binance_Coin,498.31888736156685
2021-09-02,Binance_Coin,498.9311524263937
2021-09-03,Binance_Coin,498.2275050105854
2021-09-04,Binance_Coin,498.7883021403601
2021-09-05,Binance_Coin,498.8580729088019
2021-09-06,Binance_Coin,498.7976431766161
2021-09-07,Binance_Coin,498.785644831993
2021-09-08,Binance_Coin,498.90875455503533
2021-09-09,Binance_Coin,498.7888649699758
2021-09-10,Binance_Coin,498.8139460251489
2021-09-11,Binance_Coin,498.81852068794745
2021-09-12,Binance_Coin,498.80888992636494
2021-09-13,Binance_Coin,498.79326839870373
2021-09-14,Binance_Coin,498.8147442090815
2021-09-15,Binance_Coin,498.8035094356926
2021-09-16,Binance_Coin,498.8055729525053
2021-09-17,Binance_Coin,498.8078035281771
2021-09-18,Binance_Coin,498.80899187718876
2021-09-19,Binance_Coin,498.80579017481847
2021-09-20,Binance_Coin,498.8086435358322
2021-09-21,Binance_Coin,498.80754829725447
2021-09-22,Binance_Coin,498.8073787801078
2021-09-23,Binance_Coin,498.8074009544581
2021-08-25,Binance_Usd,0.9994762209326273
2021-08-26,Binance_Usd,0.999525889836282
2021-08-27,Binance_Usd,0.9994789297052835
2021-08-28,Binance_Usd,0.9994824636955796
2021-08-29,Binance_Usd,0.9995080911076991
2021-08-30,Binance_Usd,0.9994997849735218
2021-08-31,Binance_Usd,0.9994968817404124
2021-09-01,Binance_Usd,0.9994987372676837
2021-09-02,Binance_Usd,0.9994959615838636
2021-09-03,Binance_Usd,0.9994964967939081
2021-09-04,Binance_Usd,0.9994981531709346
2021-09-05,Binance_Usd,0.9994977809285096
2021-09-06,Binance_Usd,0.999497524193558
2021-09-07,Binance_Usd,0.9994975279144311
2021-09-08,Binance_Usd,0.9994973624366937
2021-09-09,Binance_Usd,0.9994974218513193
2021-09-10,Binance_Usd,0.9994975390270749
2021-09-11,Binance_Usd,0.9994975248785793
2021-09-12,Binance_Usd,0.9994975014684605
2021-09-13,Binance_Usd,0.9994974926237817
2021-09-14,Binance_Usd,0.9994974822384712
2021-09-15,Binance_Usd,0.9994974884128296
2021-09-16,Binance_Usd,0.9994974974116881
2021-09-17,Binance_Usd,0.9994974971501583
2021-09-18,Binance_Usd,0.9994974949584289
2021-09-19,Binance_Usd,0.9994974936320106
2021-09-20,Binance_Usd,0.9994974929390741
2021-09-21,Binance_Usd,0.9994974935612128
2021-09-22,Binance_Usd,0.9994974943023779
2021-09-23,Binance_Usd,0.9994974943311443
2021-08-25,Bitcoin,49749.06341986858
2021-08-26,Bitcoin,49796.09005465503
2021-08-27,Bitcoin,49807.60173440096
2021-08-28,Bitcoin,49813.86027800134
2021-08-29,Bitcoin,49813.333138079885
2021-08-30,Bitcoin,49816.0744477469
2021-08-31,Bitcoin,49816.036709324166
2021-09-01,Bitcoin,49816.290750265725
2021-09-02,Bitcoin,49816.31185651256
2021-09-03,Bitcoin,49816.422901612124
2021-09-04,Bitcoin,49816.39878250135
2021-09-05,Bitcoin,49816.41768733664
2021-09-06,Bitcoin,49816.41786048504
2021-09-07,Bitcoin,49816.421535493486
2021-09-08,Bitcoin,49816.4201979721
2021-09-09,Bitcoin,49816.4214224904
2021-09-10,Bitcoin,49816.42122628389
2021-09-11,Bitcoin,49816.4213829578
2021-09-12,Bitcoin,49816.42133153954
2021-09-13,Bitcoin,49816.42139143373
2021-09-14,Bitcoin,49816.421371817596
2021-09-15,Bitcoin,49816.42138211297
2021-09-16,Bitcoin,49816.42137945389
2021-09-17,Bitcoin,49816.42138197762
2021-09-18,Bitcoin,49816.421380818465
2021-09-19,Bitcoin,49816.42138149277
2021-09-20,Bitcoin,49816.42138128779
2021-09-21,Bitcoin,49816.42138140671
2021-09-22,Bitcoin,49816.421381350425
2021-09-23,Bitcoin,49816.42138138749
2021-08-25,Bitcoin_Bep2,46068.28153667056
2021-08-26,Bitcoin_Bep2,46463.50027415174
2021-08-27,Bitcoin_Bep2,46396.410174814024
2021-08-28,Bitcoin_Bep2,46352.07668251288
2021-08-29,Bitcoin_Bep2,46366.10217561262
2021-08-30,Bitcoin_Bep2,46447.07397004163
2021-08-31,Bitcoin_Bep2,46386.0985595277
2021-09-01,Bitcoin_Bep2,46396.22678427888
2021-09-02,Bitcoin_Bep2,46403.41008712647
2021-09-03,Bitcoin_Bep2,46405.04169334488
2021-09-04,Bitcoin_Bep2,46391.008665737725
2021-09-05,Bitcoin_Bep2,46400.504018721185
2021-09-06,Bitcoin_Bep2,46399.0441818597
2021-09-07,Bitcoin_Bep2,46398.08892738067
2021-09-08,Bitcoin_Bep2,46397.24784370729
2021-09-09,Bitcoin_Bep2,46399.65718671179
2021-09-10,Bitcoin_Bep2,46398.17406986144
2021-09-11,Bitcoin_Bep2,46398.387211843496
2021-09-12,Bitcoin_Bep2,46398.48413175403
2021-09-13,Bitcoin_Bep2,46398.70744208541
2021-09-14,Bitcoin_Bep2,46398.29684181685
2021-09-15,Bitcoin_Bep2,46398.52895258761
2021-09-16,Bitcoin_Bep2,46398.49584947181
2021-09-17,Bitcoin_Bep2,46398.49241218235
2021-09-18,Bitcoin_Bep2,46398.44287868998
2021-09-19,Bitcoin_Bep2,46398.51241334007
2021-09-20,Bitcoin_Bep2,46398.47595102408
2021-09-21,Bitcoin_Bep2,46398.481582871056
2021-09-22,Bitcoin_Bep2,46398.47978805657
2021-09-23,Bitcoin_Bep2,46398.48988530014
2021-08-25,Bitcoin_Cash,672.9151974351701
2021-08-26,Bitcoin_Cash,673.8080235415013
2021-08-27,Bitcoin_Cash,672.4673523502416
2021-08-28,Bitcoin_Cash,673.4616581439703
2021-08-29,Bitcoin_Cash,673.1690181787666
2021-08-30,Bitcoin_Cash,672.98347294075
2021-08-31,Bitcoin_Cash,673.2244310542296
2021-09-01,Bitcoin_Cash,673.0894256810132
2021-09-02,Bitcoin_Cash,673.1155709307
2021-09-03,Bitcoin_Cash,673.1501757015245
2021-09-04,Bitcoin_Cash,673.1111613921097
2021-09-05,Bitcoin_Cash,673.1298092400954
2021-09-06,Bitcoin_Cash,673.1287231640499
2021-09-07,Bitcoin_Cash,673.1223071352763
2021-09-08,Bitcoin_Cash,673.1282710816649
2021-09-09,Bitcoin_Cash,673.1258057382352
2021-09-10,Bitcoin_Cash,673.1255697776107
2021-09-11,Bitcoin_Cash,673.1267156121706
2021-09-12,Bitcoin_Cash,673.1258289194265
2021-09-13,Bitcoin_Cash,673.1261306115216
2021-09-14,Bitcoin_Cash,673.1262237465418
2021-09-15,Bitcoin_Cash,673.1260285921975
2021-09-16,Bitcoin_Cash,673.1261573627373
2021-09-17,Bitcoin_Cash,673.1261243439817
2021-09-18,Bitcoin_Cash,673.1261018269838
2021-09-19,Bitcoin_Cash,673.1261337399234
2021-09-20,Bitcoin_Cash,673.1261155848689
2021-09-21,Bitcoin_Cash,673.1261185055155
2021-09-22,Bitcoin_Cash,673.1261231228666
2021-09-23,Bitcoin_Cash,673.1261180731395
2021-08-25,Bitcoin_Sv,166.39438259928505
2021-08-26,Bitcoin_Sv,166.17830228234692
2021-08-27,Bitcoin_Sv,166.29790151243208
2021-08-28,Bitcoin_Sv,166.28629482316944
2021-08-29,Bitcoin_Sv,166.27646088717196
2021-08-30,Bitcoin_Sv,166.2744359455048
2021-08-31,Bitcoin_Sv,166.27373840661483
2021-09-01,Bitcoin_Sv,166.27651866048473
2021-09-02,Bitcoin_Sv,166.27567486294495
2021-09-03,Bitcoin_Sv,166.27553906475677
2021-09-04,Bitcoin_Sv,166.27541262817618
2021-09-05,Bitcoin_Sv,166.27552040851631
2021-09-06,Bitcoin_Sv,166.27554850779987
2021-09-07,Bitcoin_Sv,166.27552583396167
2021-09-08,Bitcoin_Sv,166.27551914215113
2021-09-09,Bitcoin_Sv,166.27551951743197
2021-09-10,Bitcoin_Sv,166.27552338392874
2021-09-11,Bitcoin_Sv,166.2755230434441
2021-09-12,Bitcoin_Sv,166.2755223807713
2021-09-13,Bitcoin_Sv,166.2755222180762
2021-09-14,Bitcoin_Sv,166.27552237035417
2021-09-15,Bitcoin_Sv,166.2755224465585
2021-09-16,Bitcoin_Sv,166.27552241444585
2021-09-17,Bitcoin_Sv,166.27552239479257
2021-09-18,Bitcoin_Sv,166.27552239594365
2021-09-19,Bitcoin_Sv,166.27552240235465
2021-09-20,Bitcoin_Sv,166.27552240285718
2021-09-21,Bitcoin_Sv,166.2755224014708
2021-09-22,Bitcoin_Sv,166.27552240106164
2021-09-23,Bitcoin_Sv,166.27552240131257
2021-08-25,Bittorrent,0.00442497734391008
2021-08-26,Bittorrent,0.004423529548477011
2021-08-27,Bittorrent,0.004447205678474578
2021-08-28,Bittorrent,0.004428866730411612
2021-08-29,Bittorrent,0.004434327811394387
2021-08-30,Bittorrent,0.004432099937908233
2021-08-31,Bittorrent,0.004436852225518536
2021-09-01,Bittorrent,0.004431885452896949
2021-09-02,Bittorrent,0.004434760280308102
2021-09-03,Bittorrent,0.004433283340881664
2021-09-04,Bittorrent,0.004434634986187604
2021-09-05,Bittorrent,0.004433277413253804
2021-09-06,Bittorrent,0.004434292030144605
2021-09-07,Bittorrent,0.004433650359883317
2021-09-08,Bittorrent,0.004434123013148145
2021-09-09,Bittorrent,0.0044337131660535985
2021-09-10,Bittorrent,0.004434042848300321
2021-09-11,Bittorrent,0.004433807044622274
2021-09-12,Bittorrent,0.0044339774129464144
2021-09-13,Bittorrent,0.004433842943107783
2021-09-14,Bittorrent,0.004433950346046854
2021-09-15,Bittorrent,0.004433869102020264
2021-09-16,Bittorrent,0.004433929143434107
2021-09-17,Bittorrent,0.0044338833790901165
2021-09-18,Bittorrent,0.004433919104281078
2021-09-19,Bittorrent,0.004433891630112008
2021-09-20,Bittorrent,0.004433912346195973
2021-09-21,Bittorrent,0.004433896652434001
2021-09-22,Bittorrent,0.004433908718100843
2021-09-23,Bittorrent,0.00443389943689699
2021-08-25,Cardano,2.8870907177077227
2021-08-26,Cardano,2.8818063716597417
2021-08-27,Cardano,2.8820856172375793
2021-08-28,Cardano,2.8727604484824463
2021-08-29,Cardano,2.873781428657496
2021-08-30,Cardano,2.8732061334143233
2021-08-31,Cardano,2.8744123741695193
2021-09-01,Cardano,2.8737314106597407
2021-09-02,Cardano,2.874354294211206
2021-09-03,Cardano,2.874095727927152
2021-09-04,Cardano,2.8743027081727366
2021-09-05,Cardano,2.874130560233428
2021-09-06,Cardano,2.8742380543590054
2021-09-07,Cardano,2.8741618051895204
2021-09-08,Cardano,2.8742104847527523
2021-09-09,Cardano,2.8741751488697527
2021-09-10,Cardano,2.874200160457397
2021-09-11,Cardano,2.87418349395717
2021-09-12,Cardano,2.874195066618972
2021-09-13,Cardano,2.8741871425917456
2021-09-14,Cardano,2.8741926670013447
2021-09-15,Cardano,2.8741888549636982
2021-09-16,Cardano,2.8741914621548172
2021-09-17,Cardano,2.874189658742321
2021-09-18,Cardano,2.874190901883417
2021-09-19,Cardano,2.8741900435120287
2021-09-20,Cardano,2.874190634925382
2021-09-21,Cardano,2.874190227710279
2021-09-22,Cardano,2.8741905087794537
2021-09-23,Cardano,2.8741903150040162
2021-08-25,Chainlink,28.19704560887549
2021-08-26,Chainlink,28.277331314017502
2021-08-27,Chainlink,28.27923932209543
2021-08-28,Chainlink,28.220603902513954
2021-08-29,Chainlink,28.245265182062553
2021-08-30,Chainlink,28.25147975166578
2021-08-31,Chainlink,28.24582384073313
2021-09-01,Chainlink,28.24329361157516
2021-09-02,Chainlink,28.25001595627231
2021-09-03,Chainlink,28.246829426932955
2021-09-04,Chainlink,28.247034393931465
2021-09-05,Chainlink,28.247031617255548
2021-09-06,Chainlink,28.247720318299507
2021-09-07,Chainlink,28.246795385485893
2021-09-08,Chainlink,28.24731378386616
2021-09-09,Chainlink,28.247124014053487
2021-09-10,Chainlink,28.247250393983766
2021-09-11,Chainlink,28.247089115867233
2021-09-12,Chainlink,28.247244666622603
2021-09-13,Chainlink,28.247144768984672
2021-09-14,Chainlink,28.2472011562402
2021-09-15,Chainlink,28.24716045129974
2021-09-16,Chainlink,28.24719717304667
2021-09-17,Chainlink,28.247166753818252
2021-09-18,Chainlink,28.247187902774616
2021-09-19,Chainlink,28.247173816947118
2021-09-20,Chainlink,28.247184203133784
2021-09-21,Chainlink,28.24717586775005
2021-09-22,Chainlink,28.24718234154884
2021-09-23,Chainlink,28.247177664689445
2021-08-25,Cosmos,21.31452042450879
2021-08-26,Cosmos,20.783661239794686
2021-08-27,Cosmos,20.864818879128883
2021-08-28,Cosmos,20.787125062624863
2021-08-29,Cosmos,20.880134639517667
2021-08-30,Cosmos,20.823250977316185
2021-08-31,Cosmos,20.912689898185807
2021-09-01,Cosmos,20.886248995942275
2021-09-02,Cosmos,20.909775700708405
2021-09-03,Cosmos,20.893328951458617
2021-09-04,Cosmos,20.90765587061814
2021-09-05,Cosmos,20.891929874855002
2021-09-06,Cosmos,20.89905239117033
2021-09-07,Cosmos,20.893428140487107
2021-09-08,Cosmos,20.896913530049883
2021-09-09,Cosmos,20.893687937083488
2021-09-10,Cosmos,20.896620982122492
2021-09-11,Cosmos,20.894907113511515
2021-09-12,Cosmos,20.896166329637076
2021-09-13,Cosmos,20.89537462734764
2021-09-14,Cosmos,20.896073506184212
2021-09-15,Cosmos,20.895496180988648
2021-09-16,Cosmos,20.895883999353707
2021-09-17,Cosmos,20.895607693996713
2021-09-18,Cosmos,20.895788977433156
2021-09-19,Cosmos,20.895638924080398
2021-09-20,Cosmos,20.895757116468825
2021-09-21,Cosmos,20.895672085816667
2021-09-22,Cosmos,20.895732322907442
2021-09-23,Cosmos,20.895691280694543
2021-08-25,Crypto.Com_Coin,0.16074812531337973
2021-08-26,Crypto.Com_Coin,0.16095925368847053
2021-08-27,Crypto.Com_Coin,0.16112911969058408
2021-08-28,Crypto.Com_Coin,0.16120390929199688
2021-08-29,Crypto.Com_Coin,0.1612249413244232
2021-08-30,Crypto.Com_Coin,0.16123228290710875
2021-08-31,Crypto.Com_Coin,0.16124362072539022
2021-09-01,Crypto.Com_Coin,0.16124799625483324
2021-09-02,Crypto.Com_Coin,0.16124947483782012
2021-09-03,Crypto.Com_Coin,0.16125031922166047
2021-09-04,Crypto.Com_Coin,0.16125085520364751
2021-09-05,Crypto.Com_Coin,0.16125116793077293
2021-09-06,Crypto.Com_Coin,0.16125127306769524
2021-09-07,Crypto.Com_Coin,0.1612513302461967
2021-09-08,Crypto.Com_Coin,0.16125136627381292
2021-09-09,Crypto.Com_Coin,0.16125138396828967
2021-09-10,Crypto.Com_Coin,0.16125139219916315
2021-09-11,Crypto.Com_Coin,0.16125139598422666
2021-09-12,Crypto.Com_Coin,0.16125139825333268
2021-09-13,Crypto.Com_Coin,0.16125139942028613
2021-09-14,Crypto.Com_Coin,0.16125139995223167
2021-09-15,Crypto.Com_Coin,0.16125140022327675
2021-09-16,Crypto.Com_Coin,0.16125140036592164
2021-09-17,Crypto.Com_Coin,0.1612514004414402
2021-09-18,Crypto.Com_Coin,0.1612514004775363
2021-09-19,Crypto.Com_Coin,0.16125140049539194
2021-09-20,Crypto.Com_Coin,0.1612514005048958
2021-09-21,Crypto.Com_Coin,0.16125140050973089
2021-09-22,Crypto.Com_Coin,0.16125140051214207
2021-09-23,Crypto.Com_Coin,0.16125140051333833
2021-08-25,Dai,1.0003444787215636
2021-08-26,Dai,1.0001763188762682
2021-08-27,Dai,1.0002518063158774
2021-08-28,Dai,1.0002268966522172
2021-08-29,Dai,1.0002652947608637
2021-08-30,Dai,1.0002519297303027
2021-08-31,Dai,1.0002557712718398
2021-09-01,Dai,1.0002469798417846
2021-09-02,Dai,1.0002517805024485
2021-09-03,Dai,1.0002502335050936
2021-09-04,Dai,1.0002520008678977
2021-09-05,Dai,1.0002508966333774
2021-09-06,Dai,1.0002513623249503
2021-09-07,Dai,1.0002509259576504
2021-09-08,Dai,1.0002512109921815
2021-09-09,Dai,1.0002510839995022
2021-09-10,Dai,1.000251184358719
2021-09-11,Dai,1.000251114200134
2021-09-12,Dai,1.000251149571853
2021-09-13,Dai,1.0002511247498493
2021-09-14,Dai,1.0002511419390812
2021-09-15,Dai,1.0002511326778454
2021-09-16,Dai,1.000251138825735
2021-09-17,Dai,1.0002511345708238
2021-09-18,Dai,1.0002511369915732
2021-09-19,Dai,1.0002511354499128
2021-09-20,Dai,1.0002511364988644
2021-09-21,Dai,1.0002511358773611
2021-09-22,Dai,1.000251136266866
2021-09-23,Dai,1.000251136006214
2021-08-25,Dash,269.20061311125687
2021-08-26,Dash,269.1141854114609
2021-08-27,Dash,268.54031344031614
2021-08-28,Dash,268.8399995823065
2021-08-29,Dash,268.8133666872692
2021-08-30,Dash,268.7831733805198
2021-08-31,Dash,268.8260709610015
2021-09-01,Dash,268.80171595692667
2021-09-02,Dash,268.80536955794133
2021-09-03,Dash,268.8090993153328
2021-09-04,Dash,268.8051820112102
2021-09-05,Dash,268.80716428359233
2021-09-06,Dash,268.8068711377298
2021-09-07,Dash,268.8065058305915
2021-09-08,Dash,268.80686466671665
2021-09-09,Dash,268.8066978035634
2021-09-10,Dash,268.8067175087964
2021-09-11,Dash,268.80675254654113
2021-09-12,Dash,268.8067202182471
2021-09-13,Dash,268.80673438191405
2021-09-14,Dash,268.80673322682793
2021-09-15,Dash,268.8067298763397
2021-09-16,Dash,268.8067327653956
2021-09-17,Dash,268.80673156788265
2021-09-18,Dash,268.80673161838257
2021-09-19,Dash,268.80673193676523
2021-09-20,Dash,268.8067316796682
2021-09-21,Dash,268.80673178024796
2021-09-22,Dash,268.80673178035
2021-09-23,Dash,268.8067317503197
2021-08-25,Dogecoin,0.31042258814154255
2021-08-26,Dogecoin,0.31394143182303236
2021-08-27,Dogecoin,0.31077694559930447
2021-08-28,Dogecoin,0.3107110716669442
2021-08-29,Dogecoin,0.312104880834351
2021-08-30,Dogecoin,0.31096414492158875
2021-08-31,Dogecoin,0.3103716144606722
2021-09-01,Dogecoin,0.3112823183643885
2021-09-02,Dogecoin,0.3109914445488581
2021-09-03,Dogecoin,0.31069358861796653
2021-09-04,Dogecoin,0.3110828137866773
2021-09-05,Dogecoin,0.3111164558406821
2021-09-06,Dogecoin,0.3108880331648058
2021-09-07,Dogecoin,0.31103691298689423
2021-09-08,Dogecoin,0.3110753277872798
2021-09-09,Dogecoin,0.3109634122570556
2021-09-10,Dogecoin,0.3109903388335829
2021-09-11,Dogecoin,0.31103782251951295
2021-09-12,Dogecoin,0.31098477326449064
2021-09-13,Dogecoin,0.31098935878847744
2021-09-14,Dogecoin,0.31101669206967836
2021-09-15,Dogecoin,0.31100087052140846
2021-09-16,Dogecoin,0.31099407533867346
2021-09-17,Dogecoin,0.31100967344456476
2021-09-18,Dogecoin,0.3110041364346291
2021-09-19,Dogecoin,0.31099879131054764
2021-09-20,Dogecoin,0.31100465178734804
2021-09-21,Dogecoin,0.31100449212676134
2021-09-22,Dogecoin,0.3110005968979122
2021-09-23,Dogecoin,0.3110031139258874
2021-08-25,Elrond,146.8599061430313
2021-08-26,Elrond,146.7994441391838
2021-08-27,Elrond,146.74033245552667
2021-08-28,Elrond,146.6468403625352
2021-08-29,Elrond,146.65341804062106
2021-08-30,Elrond,146.64796264941052
2021-08-31,Elrond,146.64498654983058
2021-09-01,Elrond,146.6421273336746
2021-09-02,Elrond,146.64353784927522
2021-09-03,Elrond,146.64288521005477
2021-09-04,Elrond,146.6429249790708
2021-09-05,Elrond,146.6428435042853
2021-09-06,Elrond,146.6429322057968
2021-09-07,Elrond,146.64287756632226
2021-09-08,Elrond,146.64289625733207
2021-09-09,Elrond,146.64288973508155
2021-09-10,Elrond,146.642894802463
2021-09-11,Elrond,146.64289112838156
2021-09-12,Elrond,146.6428930560373
2021-09-13,Elrond,146.6428922849003
2021-09-14,Elrond,146.64289267098684
2021-09-15,Elrond,146.64289242495656
2021-09-16,Elrond,146.64289257551866
2021-09-17,Elrond,146.64289250108357
2021-09-18,Elrond,146.64289253629468
2021-09-19,Elrond,146.64289251746158
2021-09-20,Elrond,146.64289252864057
2021-09-21,Elrond,146.64289252245513
2021-09-22,Elrond,146.64289252559013
2021-09-23,Elrond,146.64289252399948
2021-08-25,Eos,5.531651868917417
2021-08-26,Eos,5.515816497404206
2021-08-27,Eos,5.50774640273788
2021-08-28,Eos,5.523884443666704
2021-08-29,Eos,5.513568695993666
2021-08-30,Eos,5.518453951588106
2021-08-31,Eos,5.517528501161602
2021-09-01,Eos,5.516233704701568
2021-09-02,Eos,5.5178462986249635
2021-09-03,Eos,5.516777728993876
2021-09-04,Eos,5.5172420285634525
2021-09-05,Eos,5.517211028359451
2021-09-06,Eos,5.517050953829366
2021-09-07,Eos,5.517221540568577
2021-09-08,Eos,5.517113400807476
2021-09-09,Eos,5.51715457003929
2021-09-10,Eos,5.5171569607775455
2021-09-11,Eos,5.517137998306679
2021-09-12,Eos,5.517156095896124
2021-09-13,Eos,5.517145421545223
2021-09-14,Eos,5.517148912608128
2021-09-15,Eos,5.517149696883756
2021-09-16,Eos,5.517147503956786
2021-09-17,Eos,5.517149401272821
2021-09-18,Eos,5.517148367693078
2021-09-19,Eos,5.517148646759942
2021-09-20,Eos,5.517148781309754
2021-09-21,Eos,5.517148533281201
2021-09-22,Eos,5.517148729519141
2021-09-23,Eos,5.517148631268277
2021-08-25,Ethereum,3324.330740542171
2021-08-26,Ethereum,3335.6117417951727
2021-08-27,Ethereum,3337.4984455194203
2021-08-28,Ethereum,3331.0226499222317
2021-08-29,Ethereum,3331.1006344855778
2021-08-30,Ethereum,3331.625903145809
2021-08-31,Ethereum,3330.3591975244863
2021-09-01,Ethereum,3329.992223755056
2021-09-02,Ethereum,3330.554384819044
2021-09-03,Ethereum,3330.4271856221826
2021-09-04,Ethereum,3330.363974557707
2021-09-05,Ethereum,3330.478442830299
2021-09-06,Ethereum,3330.523723883082
2021-09-07,Ethereum,3330.465843915207
2021-09-08,Ethereum,3330.4904062077435
2021-09-09,Ethereum,3330.4957007276007
2021-09-10,Ethereum,3330.4873718899203
2021-09-11,Ethereum,3330.481803412257
2021-09-12,Ethereum,3330.488919542444
2021-09-13,Ethereum,3330.485063332777
2021-09-14,Ethereum,3330.485108607272
2021-09-15,Ethereum,3330.4853896590666
2021-09-16,Ethereum,3330.4862141037306
2021-09-17,Ethereum,3330.485211429763
2021-09-18,Ethereum,3330.485816525091
2021-09-19,Ethereum,3330.485671587892
2021-09-20,Ethereum,3330.4857458902093
2021-09-21,Ethereum,3330.4855985977933
2021-09-22,Ethereum,3330.485755502916
2021-09-23,Ethereum,3330.4856541502904
2021-08-25,Ethereum_Classic,66.9390906379553
2021-08-26,Ethereum_Classic,66.96868180976242
2021-08-27,Ethereum_Classic,66.8722412289157
2021-08-28,Ethereum_Classic,66.91645966722511
2021-08-29,Ethereum_Classic,66.96162174103634
2021-08-30,Ethereum_Classic,66.95694202779559
2021-08-31,Ethereum_Classic,66.96660309073721
2021-09-01,Ethereum_Classic,66.96970794007434
2021-09-02,Ethereum_Classic,66.96623054666952
2021-09-03,Ethereum_Classic,66.96534523698874
2021-09-04,Ethereum_Classic,66.96484847144252
2021-09-05,Ethereum_Classic,66.96407268866457
2021-09-06,Ethereum_Classic,66.96404612017554
2021-09-07,Ethereum_Classic,66.96414211447579
2021-09-08,Ethereum_Classic,66.9641684319132
2021-09-09,Ethereum_Classic,66.96423631884855
2021-09-10,Ethereum_Classic,66.96427535836666
2021-09-11,Ethereum_Classic,66.96427863160547
2021-09-12,Ethereum_Classic,66.9642797503292
2021-09-13,Ethereum_Classic,66.96427710019664
2021-09-14,Ethereum_Classic,66.96427257105825
2021-09-15,Ethereum_Classic,66.96427063753336
2021-09-16,Ethereum_Classic,66.96426992998758
2021-09-17,Ethereum_Classic,66.96426965857194
2021-09-18,Ethereum_Classic,66.96426985601543
2021-09-19,Ethereum_Classic,66.96427008498705
2021-09-20,Ethereum_Classic,66.96427020594028
2021-09-21,Ethereum_Classic,66.96427027740832
2021-09-22,Ethereum_Classic,66.9642702985674
2021-09-23,Ethereum_Classic,66.96427029020204
2021-08-25,Filecoin,79.50582047399391
2021-08-26,Filecoin,79.76725185352386
2021-08-27,Filecoin,80.0648401365616
2021-08-28,Filecoin,80.06007818094324
2021-08-29,Filecoin,80.06035493156948
2021-08-30,Filecoin,80.2129967837016
2021-08-31,Filecoin,80.28050533483386
2021-09-01,Filecoin,80.30380430154734
2021-09-02,Filecoin,80.29509586224293
2021-09-03,Filecoin,80.31641505493172
2021-09-04,Filecoin,80.34168294850527
2021-09-05,Filecoin,80.35101667521316
2021-09-06,Filecoin,80.3502355445079
2021-09-07,Filecoin,80.3515458030093
2021-09-08,Filecoin,80.35740874074746
2021-09-09,Filecoin,80.3612739534225
2021-09-10,Filecoin,80.36175013553306
2021-09-11,Filecoin,80.36153710409633
2021-09-12,Filecoin,80.36245750289258
2021-09-13,Filecoin,80.36363308290578
2021-09-14,Filecoin,80.36404479696921
2021-09-15,Filecoin,80.36397738438548
2021-09-16,Filecoin,80.36404966185735
2021-09-17,Filecoin,80.36431600188162
2021-09-18,Filecoin,80.36449332410238
2021-09-19,Filecoin,80.36450814187297
2021-09-20,Filecoin,80.36449732710207
2021-09-21,Filecoin,80.36454068725807
2021-09-22,Filecoin,80.36459455719442
2021-09-23,Filecoin,80.36461235084063
2021-08-25,Ftx_Token,49.815036917377526
2021-08-26,Ftx_Token,49.49412912964849
2021-08-27,Ftx_Token,49.62210745999091
2021-08-28,Ftx_Token,49.44564270460939
2021-08-29,Ftx_Token,49.57051687993958
2021-08-30,Ftx_Token,49.49853206940709
2021-08-31,Ftx_Token,49.554696004243716
2021-09-01,Ftx_Token,49.51918501030653
2021-09-02,Ftx_Token,49.552976276724074
2021-09-03,Ftx_Token,49.530381299683484
2021-09-04,Ftx_Token,49.54682178276731
2021-09-05,Ftx_Token,49.53564461108849
2021-09-06,Ftx_Token,49.543932842591694
2021-09-07,Ftx_Token,49.537475276464185
2021-09-08,Ftx_Token,49.54210700050135
2021-09-09,Ftx_Token,49.53874130863152
2021-09-10,Ftx_Token,49.54110194304022
2021-09-11,Ftx_Token,49.53934482549245
2021-09-12,Ftx_Token,49.540645106975575
2021-09-13,Ftx_Token,49.539692294447704
2021-09-14,Ftx_Token,49.54038079273839
2021-09-15,Ftx_Token,49.539884947518075
2021-09-16,Ftx_Token,49.54024918836515
2021-09-17,Ftx_Token,49.53998202144633
2021-09-18,Ftx_Token,49.54017765573941
2021-09-19,Ftx_Token,49.540035809171066
2021-09-20,Ftx_Token,49.54013888327466
2021-09-21,Ftx_Token,49.540063578802716
2021-09-22,Ftx_Token,49.54011868302067
2021-09-23,Ftx_Token,49.54007843179815
2021-08-25,Grt,0.9827329175713775
2021-08-26,Grt,0.9821159730837723
2021-08-27,Grt,0.9798261010625974
2021-08-28,Grt,0.9822199686480293
2021-08-29,Grt,0.9833870606971723
2021-08-30,Grt,0.984182689992859
2021-08-31,Grt,0.9842582965012173
2021-09-01,Grt,0.9843544891743887
2021-09-02,Grt,0.984226483590068
2021-09-03,Grt,0.9841799044512785
2021-09-04,Grt,0.984130334005473
2021-09-05,Grt,0.9841265747521827
2021-09-06,Grt,0.98412093143256
2021-09-07,Grt,0.9841279618997519
2021-09-08,Grt,0.9841298656210428
2021-09-09,Grt,0.9841328108167113
2021-09-10,Grt,0.9841329382828874
2021-09-11,Grt,0.9841333146444335
2021-09-12,Grt,0.9841329172963516
2021-09-13,Grt,0.9841328456881093
2021-09-14,Grt,0.9841326726224351
2021-09-15,Grt,0.9841326718430534
2021-09-16,Grt,0.9841326461555923
2021-09-17,Grt,0.9841326691872561
2021-09-18,Grt,0.9841326711875962
2021-09-19,Grt,0.984132681385625
2021-09-20,Grt,0.9841326809906018
2021-09-21,Grt,0.9841326827342768
2021-09-22,Grt,0.9841326813691293
2021-09-23,Grt,0.9841326813794121
2021-08-25,Icp,62.657314761230374
2021-08-26,Icp,63.86545600027371
2021-08-27,Icp,63.2720576533491
2021-08-28,Icp,62.44166736887695
2021-08-29,Icp,63.3946213771473
2021-08-30,Icp,63.71381768575075
2021-08-31,Icp,63.085215308138565
2021-09-01,Icp,63.52997516149732
2021-09-02,Icp,64.05403043352747
2021-09-03,Icp,63.64642755794534
2021-09-04,Icp,63.62077539627524
2021-09-05,Icp,64.03675830629459
2021-09-06,Icp,63.830262386713244
2021-09-07,Icp,63.59777412048444
2021-09-08,Icp,63.829538332711266
2021-09-09,Icp,63.81220040419958
2021-09-10,Icp,63.5722250750155
2021-09-11,Icp,63.669961130490485
2021-09-12,Icp,63.758813293715455
2021-09-13,Icp,63.610803536670296
2021-09-14,Icp,63.61586812181528
2021-09-15,Icp,63.73279289391526
2021-09-16,Icp,63.67096491773764
2021-09-17,Icp,63.63075933364432
2021-09-18,Icp,63.71529144198216
2021-09-19,Icp,63.71230758820252
2021-09-20,Icp,63.65712346716127
2021-09-21,Icp,63.6982302824575
2021-09-22,Icp,63.71992432116451
2021-09-23,Icp,63.6765254673974
2021-08-25,Iota,1.1447697367019312
2021-08-26,Iota,1.142811162363926
2021-08-27,Iota,1.1336969115746907
2021-08-28,Iota,1.1348455572547376
2021-08-29,Iota,1.1350544663402073
2021-08-30,Iota,1.135719659648941
2021-08-31,Iota,1.1364175463330988
2021-09-01,Iota,1.1372931670254895
2021-09-02,Iota,1.1371969189740783
2021-09-03,Iota,1.137177345829676
2021-09-04,Iota,1.1370600114433895
2021-09-05,Iota,1.1369421184506576
2021-09-06,Iota,1.136854501924848
2021-09-07,Iota,1.1368602292909735
2021-09-08,Iota,1.1368652813656748
2021-09-09,Iota,1.136884528684054
2021-09-10,Iota,1.136901301659472
2021-09-11,Iota,1.1369106366402613
2021-09-12,Iota,1.1369104656327307
2021-09-13,Iota,1.1369092228581654
2021-09-14,Iota,1.1369062905123004
2021-09-15,Iota,1.1369040445180056
2021-09-16,Iota,1.1369029873859726
2021-09-17,Iota,1.1369029854344068
2021-09-18,Iota,1.1369032374875447
2021-09-19,Iota,1.1369036625348234
2021-09-20,Iota,1.1369039572042436
2021-09-21,Iota,1.136904081803287
2021-09-22,Iota,1.1369040792150389
2021-09-23,Iota,1.1369040343540784
2021-08-25,Klaytn,1.760765247700572
2021-08-26,Klaytn,1.7762976318107917
2021-08-27,Klaytn,1.7773979223148162
2021-08-28,Klaytn,1.7715136009017685
2021-08-29,Klaytn,1.785061047213734
2021-08-30,Klaytn,1.7887899958889797
2021-08-31,Klaytn,1.784958017770195
2021-09-01,Klaytn,1.7846217339910637
2021-09-02,Klaytn,1.7874442788178473
2021-09-03,Klaytn,1.784312935065387
2021-09-04,Klaytn,1.7833022256541213
2021-09-05,Klaytn,1.7842691982532526
2021-09-06,Klaytn,1.7845074735860882
2021-09-07,Klaytn,1.7834922179762653
2021-09-08,Klaytn,1.7842320346443785
2021-09-09,Klaytn,1.7845067340621301
2021-09-10,Klaytn,1.7842721042450385
2021-09-11,Klaytn,1.7841432876774015
2021-09-12,Klaytn,1.7844724221720287
2021-09-13,Klaytn,1.7842934719656427
2021-09-14,Klaytn,1.784219597460354
2021-09-15,Klaytn,1.7842710180158208
2021-09-16,Klaytn,1.78432801343162
2021-09-17,Klaytn,1.784226276379992
2021-09-18,Klaytn,1.7842707268053015
2021-09-19,Klaytn,1.7842898686745878
2021-09-20,Klaytn,1.784280939566132
2021-09-21,Klaytn,1.7842584889255906
2021-09-22,Klaytn,1.7842892286393541
2021-09-23,Klaytn,1.7842778087066617
2021-08-25,Kusama,312.84258238373957
2021-08-26,Kusama,317.006930539285
2021-08-27,Kusama,316.0433608303519
2021-08-28,Kusama,314.7971194292338
2021-08-29,Kusama,316.0728365378672
2021-08-30,Kusama,317.67378711297454
2021-08-31,Kusama,316.6420939598134
2021-09-01,Kusama,316.6482266304009
2021-09-02,Kusama,317.11703160207867
2021-09-03,Kusama,317.0811872156477
2021-09-04,Kusama,316.6197880188752
2021-09-05,Kusama,316.8376838294816
2021-09-06,Kusama,316.90975027681577
2021-09-07,Kusama,316.80205793444725
2021-09-08,Kusama,316.74624977176876
2021-09-09,Kusama,316.870289975433
2021-09-10,Kusama,316.8357118671722
2021-09-11,Kusama,316.80351893240925
2021-09-12,Kusama,316.8192938399734
2021-09-13,Kusama,316.84769025938783
2021-09-14,Kusama,316.8175588677052
2021-09-15,Kusama,316.81982490622187
2021-09-16,Kusama,316.8292928074825
2021-09-17,Kusama,316.82967879887417
2021-09-18,Kusama,316.81972568383935
2021-09-19,Kusama,316.8261637653036
2021-09-20,Kusama,316.82717478798156
2021-09-21,Kusama,316.8251100407557
2021-09-22,Kusama,316.8237180498908
2021-09-23,Kusama,316.826639546596
2021-08-25,Leo,3.0165117839279523
2021-08-26,Leo,3.01676006368984
2021-08-27,Leo,3.0107620134585886
2021-08-28,Leo,3.018937891859827
2021-08-29,Leo,3.023783759942279
2021-08-30,Leo,3.023500261870605
2021-08-31,Leo,3.0221436818383745
2021-09-01,Leo,3.02171773207553
2021-09-02,Leo,3.024087695235032
2021-09-03,Leo,3.02489831676813
2021-09-04,Leo,3.024546286294266
2021-09-05,Leo,3.0240654164032224
2021-09-06,Leo,3.0242703829060487
2021-09-07,Leo,3.0248714797827776
2021-09-08,Leo,3.024957402372649
2021-09-09,Leo,3.024785350899153
2021-09-10,Leo,3.0246856665222035
2021-09-11,Leo,3.0248103122780345
2021-09-12,Leo,3.024945524111876
2021-09-13,Leo,3.0249308860968656
2021-09-14,Leo,3.0248723731836415
2021-09-15,Leo,3.0248643443007657
2021-09-16,Leo,3.0249099038619907
2021-09-17,Leo,3.024935260462379
2021-09-18,Leo,3.0249216231217
2021-09-19,Leo,3.024906188946141
2021-09-20,Leo,3.0249103628357723
2021-09-21,Leo,3.0249237365591206
2021-09-22,Leo,3.0249267915992206
2021-09-23,Leo,3.024921103532917
2021-08-25,Litecoin,184.034885183314
2021-08-26,Litecoin,184.73409171247687
2021-08-27,Litecoin,184.63911113576768
2021-08-28,Litecoin,184.35913168908982
2021-08-29,Litecoin,184.41460620136453
2021-08-30,Litecoin,184.480206525358
2021-08-31,Litecoin,184.45012527430015
2021-09-01,Litecoin,184.42789460093348
2021-09-02,Litecoin,184.4403399915239
2021-09-03,Litecoin,184.44442666083012
2021-09-04,Litecoin,184.4397749160623
2021-09-05,Litecoin,184.43867440831346
2021-09-06,Litecoin,184.44036836398595
2021-09-07,Litecoin,184.44036868653882
2021-09-08,Litecoin,184.43983256476852
2021-09-09,Litecoin,184.43987001236647
2021-09-10,Litecoin,184.44004715758246
2021-09-11,Litecoin,184.43999893379956
2021-09-12,Litecoin,184.43995093700426
2021-09-13,Litecoin,184.43996979513597
2021-09-14,Litecoin,184.4399839802348
2021-09-15,Litecoin,184.43997473686795
2021-09-16,Litecoin,184.43997181980552
2021-09-17,Litecoin,184.43997488111836
2021-09-18,Litecoin,184.4399755565306
2021-09-19,Litecoin,184.43997434848768
2021-09-20,Litecoin,184.4399743488504
2021-09-21,Litecoin,184.4399747049713
2021-09-22,Litecoin,184.439974673464
2021-09-23,Litecoin,184.43997454935402
2021-08-25,Maker,3827.385330413643
2021-08-26,Maker,3830.5038697756745
2021-08-27,Maker,3833.2156396176324
2021-08-28,Maker,3825.418806424767
2021-08-29,Maker,3832.559254391626
2021-08-30,Maker,3831.489437024805
2021-08-31,Maker,3830.5776282475313
2021-09-01,Maker,3831.0656601979563
2021-09-02,Maker,3831.606887817176
2021-09-03,Maker,3830.6522119763454
2021-09-04,Maker,3831.0357040642098
2021-09-05,Maker,3831.103260268529
2021-09-06,Maker,3830.9570532035345
2021-09-07,Maker,3830.973143072651
2021-09-08,Maker,3831.0738611627035
2021-09-09,Maker,3830.9965253580226
2021-09-10,Maker,3831.0078072506144
2021-09-11,Maker,3831.029056816201
2021-09-12,Maker,3831.0152699621167
2021-09-13,Maker,3831.0091930658145
2021-09-14,Maker,3831.020638027228
2021-09-15,Maker,3831.015650026109
2021-09-16,Maker,3831.0140753454994
2021-09-17,Maker,3831.0169123744477
2021-09-18,Maker,3831.0164139158946
2021-09-19,Maker,3831.01519377182
2021-09-20,Maker,3831.0162447980824
2021-09-21,Maker,3831.016118320545
2021-09-22,Maker,3831.015743392803
2021-09-23,Maker,3831.0159791537662
2021-08-25,Monero,318.3815903521558
2021-08-26,Monero,317.5847983133216
2021-08-27,Monero,316.43382549951866
2021-08-28,Monero,316.0151805830103
2021-08-29,Monero,316.0503827577867
2021-08-30,Monero,316.1504549048195
2021-08-31,Monero,316.21345856294
2021-09-01,Monero,316.271793247622
2021-09-02,Monero,316.28021590329155
2021-09-03,Monero,316.2744716160952
2021-09-04,Monero,316.26764645969223
2021-09-05,Monero,316.2638749806211
2021-09-06,Monero,316.26140457389056
2021-09-07,Monero,316.2616530362959
2021-09-08,Monero,316.2620923225635
2021-09-09,Monero,316.26252051715005
2021-09-10,Monero,316.2626992496398
2021-09-11,Monero,316.26278388902244
2021-09-12,Monero,316.2627388905627
2021-09-13,Monero,316.26271218391184
2021-09-14,Monero,316.2626876314397
2021-09-15,Monero,316.2626814802229
2021-09-16,Monero,316.2626795306578
2021-09-17,Monero,316.2626832675608
2021-09-18,Monero,316.2626846423368
2021-09-19,Monero,316.2626859313097
2021-09-20,Monero,316.26268599263494
2021-09-21,Monero,316.2626859847612
2021-09-22,Monero,316.2626857333392
2021-09-23,Monero,316.26268567622026
2021-07-25,Neo,29.916043670897757
2021-07-26,Neo,29.939906780020607
2021-07-27,Neo,29.964676898447717
2021-07-28,Neo,30.03816564182821
2021-07-29,Neo,30.118497738715796
2021-07-30,Neo,30.0544289527293
2021-07-31,Neo,30.044892520592363
2021-08-01,Neo,30.04363077864923
2021-08-02,Neo,30.055325116091375
2021-08-03,Neo,30.064581265811643
2021-08-04,Neo,30.057290029409003
2021-08-05,Neo,30.0549187297512
2021-08-06,Neo,30.05442173105869
2021-08-07,Neo,30.056216633048244
2021-08-08,Neo,30.057415048891578
2021-08-09,Neo,30.05660432358511
2021-08-10,Neo,30.056166979797517
2021-08-11,Neo,30.056061956048843
2021-08-12,Neo,30.05632260632478
2021-08-13,Neo,30.056489057174364
2021-08-14,Neo,30.056400489813424
2021-08-15,Neo,30.056328055411942
2021-08-16,Neo,30.05630843846818
2021-08-17,Neo,30.056344786316192
2021-08-18,Neo,30.056368876208236
2021-08-19,Neo,30.056359512334765
2021-08-20,Neo,30.056348203688344
2021-08-21,Neo,30.056344729212388
2021-08-22,Neo,30.056349646491274
2021-08-23,Neo,30.056353205067815
2021-08-25,Pancakeswap,24.60296222228059
2021-08-26,Pancakeswap,24.993875864146403
2021-08-27,Pancakeswap,24.98866613001349
2021-08-28,Pancakeswap,24.686961505878152
2021-08-29,Pancakeswap,24.875528585682552
2021-08-30,Pancakeswap,24.862880394259346
2021-08-31,Pancakeswap,24.76478972818343
2021-09-01,Pancakeswap,24.79053173131974
2021-09-02,Pancakeswap,24.839234505771625
2021-09-03,Pancakeswap,24.782977855361196
2021-09-04,Pancakeswap,24.796828718583566
2021-09-05,Pancakeswap,24.815684265566016
2021-09-06,Pancakeswap,24.80341801858096
2021-09-07,Pancakeswap,24.797305646819314
2021-09-08,Pancakeswap,24.811055807744847
2021-09-09,Pancakeswap,24.804990937324852
2021-09-10,Pancakeswap,24.802268954415364
2021-09-11,Pancakeswap,24.806128692055083
2021-09-12,Pancakeswap,24.80622106423354
2021-09-13,Pancakeswap,24.803321121185544
2021-09-14,Pancakeswap,24.8053323043067
2021-09-15,Pancakeswap,24.805455871698946
2021-09-16,Pancakeswap,24.804487930955226
2021-09-17,Pancakeswap,24.804779764648263
2021-09-18,Pancakeswap,24.805298881931847
2021-09-19,Pancakeswap,24.804736743841865
2021-09-20,Pancakeswap,24.804844071919117
2021-09-21,Pancakeswap,24.80504460120808
2021-09-22,Pancakeswap,24.804913314629573
2021-09-23,Pancakeswap,24.8048439440541
2021-08-25,Polkadot,27.22096828316647
2021-08-26,Polkadot,27.270827245920113
2021-08-27,Polkadot,27.286014700520184
2021-08-28,Polkadot,27.19590210489183
2021-08-29,Polkadot,27.258288434240043
2021-08-30,Polkadot,27.323638107009586
2021-08-31,Polkadot,27.310125911587967
2021-09-01,Polkadot,27.30896248951307
2021-09-02,Polkadot,27.335710469955824
2021-09-03,Polkadot,27.32430462282813
2021-09-04,Polkadot,27.31189361550279
2021-09-05,Polkadot,27.31595002952341
2021-09-06,Polkadot,27.316463138172622
2021-09-07,Polkadot,27.309387044586416
2021-09-08,Polkadot,27.311703121090897
2021-09-09,Polkadot,27.314007355098692
2021-09-10,Polkadot,27.312860613663922
2021-09-11,Polkadot,27.312569899568427
2021-09-12,Polkadot,27.314349149587116
2021-09-13,Polkadot,27.3138042199186
2021-09-14,Polkadot,27.313385868382937
2021-09-15,Polkadot,27.313679844760482
2021-09-16,Polkadot,27.313803964009434
2021-09-17,Polkadot,27.313362990354232
2021-09-18,Polkadot,27.313508786161204
2021-09-19,Polkadot,27.313580763038793
2021-09-20,Polkadot,27.313513360376984
2021-09-21,Polkadot,27.313468325748573
2021-09-22,Polkadot,27.313578713524397
2021-09-23,Polkadot,27.31353656281032
2021-08-25,Polygon,1.5628567497034755
2021-08-26,Polygon,1.5506438109723877
2021-08-27,Polygon,1.5415859326066925
2021-08-28,Polygon,1.5484002688065956
2021-08-29,Polygon,1.5609640021682338
2021-08-30,Polygon,1.5697803973833104
2021-08-31,Polygon,1.5731860818038845
2021-09-01,Polygon,1.574180040890974
2021-09-02,Polygon,1.5700541396978485
2021-09-03,Polygon,1.5656592631660802
2021-09-04,Polygon,1.5629486451621444
2021-09-05,Polygon,1.5623379855404347
2021-09-06,Polygon,1.5627716417166724
2021-09-07,Polygon,1.5646347031959729
2021-09-08,Polygon,1.5660599046201036
2021-09-09,Polygon,1.5668057324912683
2021-09-10,Polygon,1.5667492685309414
2021-09-11,Polygon,1.566353184326884
2021-09-12,Polygon,1.5656231393253772
2021-09-13,Polygon,1.5652026110997632
2021-09-14,Polygon,1.5650366286378308
2021-09-15,Polygon,1.5651611942946093
2021-09-16,Polygon,1.5653656492320103
2021-09-17,Polygon,1.5656246986135498
2021-09-18,Polygon,1.5657317758136517
2021-09-19,Polygon,1.5657505121687187
2021-09-20,Polygon,1.5656713454218878
2021-09-21,Polygon,1.5655858701674372
2021-09-22,Polygon,1.5655018055364258
2021-09-23,Polygon,1.5654820999300265
2021-08-25,Shiba_Inu,7.959591077293608e-06
2021-08-26,Shiba_Inu,7.965036058874557e-06
2021-08-27,Shiba_Inu,7.942547932378175e-06
2021-08-28,Shiba_Inu,7.930086188533641e-06
2021-08-29,Shiba_Inu,7.911857084638633e-06
2021-08-30,Shiba_Inu,7.919434140125384e-06
2021-08-31,Shiba_Inu,7.9137149403129e-06
2021-09-01,Shiba_Inu,7.915541958038437e-06
2021-09-02,Shiba_Inu,7.909960498885084e-06
2021-09-03,Shiba_Inu,7.913711338834468e-06
2021-09-04,Shiba_Inu,7.911077204844263e-06
2021-09-05,Shiba_Inu,7.91308292557642e-06
2021-09-06,Shiba_Inu,7.910785258361876e-06
2021-09-07,Shiba_Inu,7.912577047844512e-06
2021-09-08,Shiba_Inu,7.911200155893307e-06
2021-09-09,Shiba_Inu,7.91236407174478e-06
2021-09-10,Shiba_Inu,7.911287347311956e-06
2021-09-11,Shiba_Inu,7.91216833015054e-06
2021-09-12,Shiba_Inu,7.911452593706071e-06
2021-09-13,Shiba_Inu,7.912062434499832e-06
2021-09-14,Shiba_Inu,7.911532851017163e-06
2021-09-15,Shiba_Inu,7.911973935016209e-06
2021-09-16,Shiba_Inu,7.911606928480248e-06
2021-09-17,Shiba_Inu,7.911918411114141e-06
2021-09-18,Shiba_Inu,7.91165325736707e-06
2021-09-19,Shiba_Inu,7.911875718219803e-06
2021-09-20,Shiba_Inu,7.911688951764598e-06
2021-09-21,Shiba_Inu,7.911846949422622e-06
2021-09-22,Shiba_Inu,7.911713305487873e-06
2021-09-23,Shiba_Inu,7.91182577828487e-06
2021-08-25,Solana,76.45906423317484
2021-08-26,Solana,77.89948753885632
2021-08-27,Solana,78.18999879712996
2021-08-28,Solana,77.98953578207852
2021-08-29,Solana,77.77431408073532
2021-08-30,Solana,78.19224345216199
2021-08-31,Solana,77.89418049663362
2021-09-01,Solana,77.90835910056089
2021-09-02,Solana,77.93736768650768
2021-09-03,Solana,77.9614345757825
2021-09-04,Solana,77.87589530939186
2021-09-05,Solana,77.94073576334233
2021-09-06,Solana,77.92308431592953
2021-09-07,Solana,77.92000645990093
2021-09-08,Solana,77.91609650613037
2021-09-09,Solana,77.9319904196741
2021-09-10,Solana,77.91755466211313
2021-09-11,Solana,77.92362681593193
2021-09-12,Solana,77.92313824939534
2021-09-13,Solana,77.92396507319027
2021-09-14,Solana,77.9210348436341
2021-09-15,Solana,77.92417371319857
2021-09-16,Solana,77.92249255109367
2021-09-17,Solana,77.92289725066072
2021-09-18,Solana,77.92267538992063
2021-09-19,Solana,77.92323166740144
2021-09-20,Solana,77.92256659963499
2021-09-21,Solana,77.9229921622567
2021-09-22,Solana,77.92283857410028
2021-09-23,Solana,77.92290623111897
2021-08-25,Stellar,0.37445564160924527
2021-08-26,Stellar,0.373488413318879
2021-08-27,Stellar,0.37326022468486086
2021-08-28,Stellar,0.37389320824793365
2021-08-29,Stellar,0.37335860254378295
2021-08-30,Stellar,0.37356604318689257
2021-08-31,Stellar,0.37350686834267993
2021-09-01,Stellar,0.37346690075630967
2021-09-02,Stellar,0.37352772517616595
2021-09-03,Stellar,0.37348322985693977
2021-09-04,Stellar,0.3735008018054686
2021-09-05,Stellar,0.37349801402366506
2021-09-06,Stellar,0.3734931018520681
2021-09-07,Stellar,0.3734988177909312
2021-09-08,Stellar,0.37349507199541904
2021-09-09,Stellar,0.3734964539395334
2021-09-10,Stellar,0.37349642002123024
2021-09-11,Stellar,0.37349588237192594
2021-09-12,Stellar,0.3734964095621254
2021-09-13,Stellar,0.37349609643100096
2021-09-14,Stellar,0.37349619799322403
2021-09-15,Stellar,0.37349621314611003
2021-09-16,Stellar,0.3734961576792119
2021-09-17,Stellar,0.3734962054327617
2021-09-18,Stellar,0.37349617968168686
2021-09-19,Stellar,0.3734961865434519
2021-09-20,Stellar,0.3734961894190775
2021-09-21,Stellar,0.373496183913166
2021-09-22,Stellar,0.373496188161781
2021-09-23,Stellar,0.3734961860913184
2021-08-25,Tether,1.0003239227478735
2021-08-26,Tether,1.000355220505672
2021-08-27,Tether,1.000375266084255
2021-08-28,Tether,1.0003668986638998
2021-08-29,Tether,1.0003587674677386
2021-08-30,Tether,1.000355827253822
2021-08-31,Tether,1.000356376669687
2021-09-01,Tether,1.0003583855818294
2021-09-02,Tether,1.0003591958039466
2021-09-03,Tether,1.0003590287797801
2021-09-04,Tether,1.0003586554938169
2021-09-05,Tether,1.0003584446117648
2021-09-06,Tether,1.0003584624161477
2021-09-07,Tether,1.000358548019361
2021-09-08,Tether,1.000358594518998
2021-09-09,Tether,1.0003585948274607
2021-09-10,Tether,1.000358577057733
2021-09-11,Tether,1.0003585657644836
2021-09-12,Tether,1.0003585651492415
2021-09-13,Tether,1.000358568781314
2021-09-14,Tether,1.000358571383914
2021-09-15,Tether,1.000358571706635
2021-09-16,Tether,1.0003585709541036
2021-09-17,Tether,1.0003585703610949
2021-09-18,Tether,1.0003585702543674
2021-09-19,Tether,1.0003585704040259
2021-09-20,Tether,1.0003585705391382
2021-09-21,Tether,1.0003585705703417
2021-09-22,Tether,1.0003585705409845
2021-09-23,Tether,1.0003585705107396
2021-08-25,Tezos,4.231071218568006
2021-08-26,Tezos,4.243958297418869
2021-08-27,Tezos,4.270589399425866
2021-08-28,Tezos,4.234503828540452
2021-08-29,Tezos,4.240253622899827
2021-08-30,Tezos,4.241865252623343
2021-08-31,Tezos,4.2425461718174775
2021-09-01,Tezos,4.238574666475551
2021-09-02,Tezos,4.241320201896972
2021-09-03,Tezos,4.240950830224346
2021-09-04,Tezos,4.240875013059903
2021-09-05,Tezos,4.240594544527934
2021-09-06,Tezos,4.241025053919654
2021-09-07,Tezos,4.240814499706216
2021-09-08,Tezos,4.240839102512088
2021-09-09,Tezos,4.240827807750131
2021-09-10,Tezos,4.2408720925456445
2021-09-11,Tezos,4.240830374102375
2021-09-12,Tezos,4.240846528856021
2021-09-13,Tezos,4.240843939570708
2021-09-14,Tezos,4.240847315660236
2021-09-15,Tezos,4.240841857873689
2021-09-16,Tezos,4.240845672613269
2021-09-17,Tezos,4.240844380554431
2021-09-18,Tezos,4.240844772598624
2021-09-19,Tezos,4.2408442217094775
2021-09-20,Tezos,4.240844818229102
2021-09-21,Tezos,4.2408444785040365
2021-09-22,Tezos,4.240844593251027
2021-09-23,Tezos,4.240844532951274
2021-08-25,Theta,7.656237019437103
2021-08-26,Theta,7.62541802030855
2021-08-27,Theta,7.666134054019646
2021-08-28,Theta,7.650639003812587
2021-08-29,Theta,7.655733441101122
2021-08-30,Theta,7.651610824972815
2021-08-31,Theta,7.654796050427954
2021-09-01,Theta,7.653574589421487
2021-09-02,Theta,7.6541447877970334
2021-09-03,Theta,7.653725828607422
2021-09-04,Theta,7.65397946322307
2021-09-05,Theta,7.653872404510867
2021-09-06,Theta,7.653931494088961
2021-09-07,Theta,7.653892783379618
2021-09-08,Theta,7.653913794853617
2021-09-09,Theta,7.6539039052540945
2021-09-10,Theta,7.653909662002436
2021-09-11,Theta,7.65390620439608
2021-09-12,Theta,7.653908016519652
2021-09-13,Theta,7.65390709085681
2021-09-14,Theta,7.653907630222453
2021-09-15,Theta,7.653907323506481
2021-09-16,Theta,7.6539074844404515
2021-09-17,Theta,7.653907398179935
2021-09-18,Theta,7.653907447636473
2021-09-19,Theta,7.653907420314971
2021-09-20,Theta,7.653907434846063
2021-09-21,Theta,7.6539074268783205
2021-09-22,Theta,7.653907431367621
2021-09-23,Theta,7.653907428917101
2021-08-25,Tron,0.09039022568775827
2021-08-26,Tron,0.09052202508446613
2021-08-27,Tron,0.09026986422710918
2021-08-28,Tron,0.09041226110199559
2021-08-29,Tron,0.09025705286081938
2021-08-30,Tron,0.09023809634235536
2021-08-31,Tron,0.09027115509513367
2021-09-01,Tron,0.09022752534451445
2021-09-02,Tron,0.09025904861088656
2021-09-03,Tron,0.0902574658989219
2021-09-04,Tron,0.0902526246551462
2021-09-05,Tron,0.09026307609715395
2021-09-06,Tron,0.09025638664225247
2021-09-07,Tron,0.09025808243524126
2021-09-08,Tron,0.09025880510874308
2021-09-09,Tron,0.09025660948219415
2021-09-10,Tron,0.09025811197789799
2021-09-11,Tron,0.0902574902918389
2021-09-12,Tron,0.09025741370839926
2021-09-13,Tron,0.09025783963615563
2021-09-14,Tron,0.09025749476662927
2021-09-15,Tron,0.0902576735545877
2021-09-16,Tron,0.09025766698642318
2021-09-17,Tron,0.0902575891636998
2021-09-18,Tron,0.0902576672892771
2021-09-19,Tron,0.09025762092704077
2021-09-20,Tron,0.09025762853022141
2021-09-21,Tron,0.09025764181785498
2021-09-22,Tron,0.09025762467445594
2021-09-23,Tron,0.09025763606603401
2021-08-25,Uniswap,28.236118965890878
2021-08-26,Uniswap,28.355883804256013
2021-08-27,Uniswap,28.33391160122199
2021-08-28,Uniswap,28.255395792015097
2021-08-29,Uniswap,28.322903044794472
2021-08-30,Uniswap,28.35089188922981
2021-08-31,Uniswap,28.330044134820454
2021-09-01,Uniswap,28.331211452936557
2021-09-02,Uniswap,28.348275383748327
2021-09-03,Uniswap,28.335497619558797
2021-09-04,Uniswap,28.33116997326459
2021-09-05,Uniswap,28.334380197000215
2021-09-06,Uniswap,28.33502993789065
2021-09-07,Uniswap,28.331179047468396
2021-09-08,Uniswap,28.333809747664937
2021-09-09,Uniswap,28.3342942845849
2021-09-10,Uniswap,28.333960395336522
2021-09-11,Uniswap,28.333566802324384
2021-09-12,Uniswap,28.334492899104838
2021-09-13,Uniswap,28.333882628168304
2021-09-14,Uniswap,28.333909643119082
2021-09-15,Uniswap,28.333874015236667
2021-09-16,Uniswap,28.334037182946695
2021-09-17,Uniswap,28.33379503514262
2021-09-18,Uniswap,28.333957024109527
2021-09-19,Uniswap,28.333909428451257
2021-09-20,Uniswap,28.333951478935393
2021-09-21,Uniswap,28.333890469599318
2021-09-22,Uniswap,28.333959679343202
2021-09-23,Uniswap,28.333911304389236
2021-08-25,Usd_Coin,0.9997205148462732
2021-08-26,Usd_Coin,0.9996675608937363
2021-08-27,Usd_Coin,0.9995740061911919
2021-08-28,Usd_Coin,0.9995897543148669
2021-08-29,Usd_Coin,0.9996459695273783
2021-08-30,Usd_Coin,0.999645336067081
2021-08-31,Usd_Coin,0.9996537007038412
2021-09-01,Usd_Coin,0.9996424370224847
2021-09-02,Usd_Coin,0.9996297010763079
2021-09-03,Usd_Coin,0.9996293627192906
2021-09-04,Usd_Coin,0.999635640362326
2021-09-05,Usd_Coin,0.9996374838252036
2021-09-06,Usd_Coin,0.9996394109436104
2021-09-07,Usd_Coin,0.9996377973599975
2021-09-08,Usd_Coin,0.9996359814630115
2021-09-09,Usd_Coin,0.9996355017016946
2021-09-10,Usd_Coin,0.9996361499558748
2021-09-11,Usd_Coin,0.9996365918306777
2021-09-12,Usd_Coin,0.9996369841174627
2021-09-13,Usd_Coin,0.9996368090810593
2021-09-14,Usd_Coin,0.9996365531378647
2021-09-15,Usd_Coin,0.9996364220477959
2021-09-16,Usd_Coin,0.9996364738995687
2021-09-17,Usd_Coin,0.9996365487783694
2021-09-18,Usd_Coin,0.9996366218254245
2021-09-19,Usd_Coin,0.9996366107877179
2021-09-20,Usd_Coin,0.9996365768599781
2021-09-21,Usd_Coin,0.9996365500601014
2021-09-22,Usd_Coin,0.9996365506657847
2021-09-23,Usd_Coin,0.9996365610658574
2021-08-25,Vechain,0.13282938723117943
2021-08-26,Vechain,0.13317610042928146
2021-08-27,Vechain,0.13331481995844663
2021-08-28,Vechain,0.13324863417925104
2021-08-29,Vechain,0.13322029284753428
2021-08-30,Vechain,0.13324162912353746
2021-08-31,Vechain,0.1332306066928076
2021-09-01,Vechain,0.1332240823063966
2021-09-02,Vechain,0.13322615187647113
2021-09-03,Vechain,0.1332269383976973
2021-09-04,Vechain,0.1332256969626706
2021-09-05,Vechain,0.13322600006202903
2021-09-06,Vechain,0.13322625365850785
2021-09-07,Vechain,0.13322615835616505
2021-09-08,Vechain,0.1332261204898826
2021-09-09,Vechain,0.13322617768166362
2021-09-10,Vechain,0.1332261686383516
2021-09-11,Vechain,0.13322615817111155
2021-09-12,Vechain,0.13322616260154593
2021-09-13,Vechain,0.1332261646402539
2021-09-14,Vechain,0.13322616219414837
2021-09-15,Vechain,0.13322616249705474
2021-09-16,Vechain,0.1332261629644853
2021-09-17,Vechain,0.13322616277344723
2021-09-18,Vechain,0.1332261626702102
2021-09-19,Vechain,0.13322616277372448
2021-09-20,Vechain,0.13322616276349653
2021-09-21,Vechain,0.13322616274202836
2021-09-22,Vechain,0.1332261627498502
2021-09-23,Vechain,0.133226162754821
2021-08-25,Waves,25.380588476869487
2021-08-26,Waves,25.464162803680733
2021-08-27,Waves,25.348835124855885
2021-08-28,Waves,25.264273260692715
2021-08-29,Waves,25.33961038486636
2021-08-30,Waves,25.332420225400842
2021-08-31,Waves,25.309766914416645
2021-09-01,Waves,25.311091045552804
2021-09-02,Waves,25.327534012237916
2021-09-03,Waves,25.318556324251677
2021-09-04,Waves,25.317171295982135
2021-09-05,Waves,25.31953191236707
2021-09-06,Waves,25.321237254915157
2021-09-07,Waves,25.31854753735815
2021-09-08,Waves,25.319404345066886
2021-09-09,Waves,25.31975504895521
2021-09-10,Waves,25.319719857455055
2021-09-11,Waves,25.319243977037694
2021-09-12,Waves,25.319627131647103
2021-09-13,Waves,25.319562971751306
2021-09-14,Waves,25.31953130684119
2021-09-15,Waves,25.319479627015287
2021-09-16,Waves,25.31957283008829
2021-09-17,Waves,25.319523329259656
2021-09-18,Waves,25.319528987995394
2021-09-19,Waves,25.319525259777897
2021-09-20,Waves,25.319541442771097
2021-09-21,Waves,25.319525808247782
2021-09-22,Waves,25.319532147924438
2021-09-23,Waves,25.31953072166278
2021-08-25,Wbtc,49142.906530600965
2021-08-26,Wbtc,49153.231145710226
2021-08-27,Wbtc,49131.4552115393
2021-08-28,Wbtc,49114.18190216985
2021-08-29,Wbtc,49122.462699686745
2021-08-30,Wbtc,49120.93872609901
2021-08-31,Wbtc,49120.02236661188
2021-09-01,Wbtc,49120.350647157306
2021-09-02,Wbtc,49120.96993701177
2021-09-03,Wbtc,49120.63257909381
2021-09-04,Wbtc,49120.73332264996
2021-09-05,Wbtc,49120.76120970326
2021-09-06,Wbtc,49120.765345766595
2021-09-07,Wbtc,49120.74234369946
2021-09-08,Wbtc,49120.7583597703
2021-09-09,Wbtc,49120.753583095466
2021-09-10,Wbtc,49120.75362457844
2021-09-11,Wbtc,49120.75298198734
2021-09-12,Wbtc,49120.75402994005
2021-09-13,Wbtc,49120.75328912336
2021-09-14,Wbtc,49120.7535375516
2021-09-15,Wbtc,49120.75347950749
2021-09-16,Wbtc,49120.753527536355
2021-09-17,Wbtc,49120.753474751786
2021-09-18,Wbtc,49120.753509473
2021-09-19,Wbtc,49120.7534956753
2021-09-20,Wbtc,49120.75350060531
2021-09-21,Wbtc,49120.75349739548
2021-09-22,Wbtc,49120.753500135485
2021-09-23,Wbtc,49120.75349842892
2021-08-25,Xpr,1.24934813055105
2021-08-26,Xpr,1.2472200343745512
2021-08-27,Xpr,1.2487707262330447
2021-08-28,Xpr,1.2503893431428696
2021-08-29,Xpr,1.25052872838455
2021-08-30,Xpr,1.2505817173434413
2021-08-31,Xpr,1.2505588338464448
2021-09-01,Xpr,1.250741358868011
2021-09-02,Xpr,1.250868774360336
2021-09-03,Xpr,1.2508824852761906
2021-09-04,Xpr,1.2508943047372019
2021-09-05,Xpr,1.250905506357775
2021-09-06,Xpr,1.2509245800974567
2021-09-07,Xpr,1.2509351795843213
2021-09-08,Xpr,1.2509373565618018
2021-09-09,Xpr,1.2509395719585439
2021-09-10,Xpr,1.2509416303316028
2021-09-11,Xpr,1.2509435647217944
2021-09-12,Xpr,1.250944551140642
2021-09-13,Xpr,1.250944908053675
2021-09-14,Xpr,1.2509452437595754
2021-09-15,Xpr,1.2509455178982856
2021-09-16,Xpr,1.2509457178781418
2021-09-17,Xpr,1.2509458220579108
2021-09-18,Xpr,1.2509458754185152
2021-09-19,Xpr,1.2509459204818763
2021-09-20,Xpr,1.250945953599143
2021-09-21,Xpr,1.2509459751869627
2021-09-22,Xpr,1.2509459872504765
2021-09-23,Xpr,1.2509459945979282
